"filename", "language", "JSON with Comments", "JSON", "TOML", "TypeScript", "Markdown", "Ignore", "JavaScript", "YAML", "HTML", "Rust", "XML", "TypeScript JSX", "JavaScript JSX", "CSS", "comment", "blank", "total"
"/Users/hieu/Work/crea8r/phanuel/.github/workflows/notifier.yml", "YAML", 0, 0, 0, 0, 0, 0, 0, 18, 0, 0, 0, 0, 0, 0, 0, 3, 21
"/Users/hieu/Work/crea8r/phanuel/.prettierignore", "Ignore", 0, 0, 0, 0, 0, 7, 0, 0, 0, 0, 0, 0, 0, 0, 0, 1, 8
"/Users/hieu/Work/crea8r/phanuel/Anchor.toml", "TOML", 0, 0, 13, 0, 0, 0, 0, 0, 0, 0, 0, 0, 0, 0, 0, 6, 19
"/Users/hieu/Work/crea8r/phanuel/Cargo.lock", "TOML", 0, 0, 1763, 0, 0, 0, 0, 0, 0, 0, 0, 0, 0, 0, 2, 197, 1962
"/Users/hieu/Work/crea8r/phanuel/Cargo.toml", "TOML", 0, 0, 13, 0, 0, 0, 0, 0, 0, 0, 0, 0, 0, 0, 0, 2, 15
"/Users/hieu/Work/crea8r/phanuel/README.md", "Markdown", 0, 0, 0, 0, 39, 0, 0, 0, 0, 0, 0, 0, 0, 0, 0, 15, 54
"/Users/hieu/Work/crea8r/phanuel/app/tbot/README.md", "Markdown", 0, 0, 0, 0, 13, 0, 0, 0, 0, 0, 0, 0, 0, 0, 0, 6, 19
"/Users/hieu/Work/crea8r/phanuel/app/tbot/commands/connect.js", "JavaScript", 0, 0, 0, 0, 0, 0, 39, 0, 0, 0, 0, 0, 0, 0, 0, 3, 42
"/Users/hieu/Work/crea8r/phanuel/app/tbot/commands/disconnect.js", "JavaScript", 0, 0, 0, 0, 0, 0, 15, 0, 0, 0, 0, 0, 0, 0, 0, 2, 17
"/Users/hieu/Work/crea8r/phanuel/app/tbot/commands/help.js", "JavaScript", 0, 0, 0, 0, 0, 0, 6, 0, 0, 0, 0, 0, 0, 0, 0, 1, 7
"/Users/hieu/Work/crea8r/phanuel/app/tbot/commands/register.js", "JavaScript", 0, 0, 0, 0, 0, 0, 47, 0, 0, 0, 0, 0, 0, 0, 26, 4, 77
"/Users/hieu/Work/crea8r/phanuel/app/tbot/commands/start.js", "JavaScript", 0, 0, 0, 0, 0, 0, 27, 0, 0, 0, 0, 0, 0, 0, 0, 3, 30
"/Users/hieu/Work/crea8r/phanuel/app/tbot/commands/tip.js", "JavaScript", 0, 0, 0, 0, 0, 0, 47, 0, 0, 0, 0, 0, 0, 0, 0, 4, 51
"/Users/hieu/Work/crea8r/phanuel/app/tbot/constants.js", "JavaScript", 0, 0, 0, 0, 0, 0, 16, 0, 0, 0, 0, 0, 0, 0, 0, 3, 19
"/Users/hieu/Work/crea8r/phanuel/app/tbot/handlers/connect.js", "JavaScript", 0, 0, 0, 0, 0, 0, 32, 0, 0, 0, 0, 0, 0, 0, 1, 4, 37
"/Users/hieu/Work/crea8r/phanuel/app/tbot/handlers/meta.js", "JavaScript", 0, 0, 0, 0, 0, 0, 4, 0, 0, 0, 0, 0, 0, 0, 0, 2, 6
"/Users/hieu/Work/crea8r/phanuel/app/tbot/index.js", "JavaScript", 0, 0, 0, 0, 0, 0, 44, 0, 0, 0, 0, 0, 0, 0, 8, 8, 60
"/Users/hieu/Work/crea8r/phanuel/app/tbot/package.json", "JSON", 0, 29, 0, 0, 0, 0, 0, 0, 0, 0, 0, 0, 0, 0, 0, 1, 30
"/Users/hieu/Work/crea8r/phanuel/app/tbot/services/_scheme.js", "JavaScript", 0, 0, 0, 0, 0, 0, 18, 0, 0, 0, 0, 0, 0, 0, 0, 1, 19
"/Users/hieu/Work/crea8r/phanuel/app/tbot/services/createTransferTxn.js", "JavaScript", 0, 0, 0, 0, 0, 0, 23, 0, 0, 0, 0, 0, 0, 0, 0, 1, 24
"/Users/hieu/Work/crea8r/phanuel/app/tbot/services/viewBalance.js", "JavaScript", 0, 0, 0, 0, 0, 0, 2, 0, 0, 0, 0, 0, 0, 0, 0, 2, 4
"/Users/hieu/Work/crea8r/phanuel/app/tbot/state/connection.js", "JavaScript", 0, 0, 0, 0, 0, 0, 8, 0, 0, 0, 0, 0, 0, 0, 0, 3, 11
"/Users/hieu/Work/crea8r/phanuel/app/tbot/state/sessions.js", "JavaScript", 0, 0, 0, 0, 0, 0, 15, 0, 0, 0, 0, 0, 0, 0, 0, 5, 20
"/Users/hieu/Work/crea8r/phanuel/app/tbot/utils/index.js", "JavaScript", 0, 0, 0, 0, 0, 0, 30, 0, 0, 0, 0, 0, 0, 0, 0, 8, 38
"/Users/hieu/Work/crea8r/phanuel/app/tbot/utils/sendTxn.js", "JavaScript", 0, 0, 0, 0, 0, 0, 36, 0, 0, 0, 0, 0, 0, 0, 5, 2, 43
"/Users/hieu/Work/crea8r/phanuel/app/tbot/views/connect.ejs", "HTML", 0, 0, 0, 0, 0, 0, 0, 0, 15, 0, 0, 0, 0, 0, 0, 1, 16
"/Users/hieu/Work/crea8r/phanuel/app/tbot/views/meta.ejs", "HTML", 0, 0, 0, 0, 0, 0, 0, 0, 7, 0, 0, 0, 0, 0, 0, 1, 8
"/Users/hieu/Work/crea8r/phanuel/app/web/.eslintrc.cjs", "JavaScript", 0, 0, 0, 0, 0, 0, 21, 0, 0, 0, 0, 0, 0, 0, 0, 1, 22
"/Users/hieu/Work/crea8r/phanuel/app/web/README.md", "Markdown", 0, 0, 0, 0, 5, 0, 0, 0, 0, 0, 0, 0, 0, 0, 0, 4, 9
"/Users/hieu/Work/crea8r/phanuel/app/web/index.html", "HTML", 0, 0, 0, 0, 0, 0, 0, 0, 13, 0, 0, 0, 0, 0, 0, 1, 14
"/Users/hieu/Work/crea8r/phanuel/app/web/package-lock.json", "JSON", 0, 15686, 0, 0, 0, 0, 0, 0, 0, 0, 0, 0, 0, 0, 0, 1, 15687
"/Users/hieu/Work/crea8r/phanuel/app/web/package.json", "JSON", 0, 45, 0, 0, 0, 0, 0, 0, 0, 0, 0, 0, 0, 0, 0, 1, 46
"/Users/hieu/Work/crea8r/phanuel/app/web/public/placeholder.svg", "XML", 0, 0, 0, 0, 0, 0, 0, 0, 0, 0, 1, 0, 0, 0, 0, 0, 1
"/Users/hieu/Work/crea8r/phanuel/app/web/public/vite.svg", "XML", 0, 0, 0, 0, 0, 0, 0, 0, 0, 0, 1, 0, 0, 0, 0, 0, 1
"/Users/hieu/Work/crea8r/phanuel/app/web/src/components/Loading.tsx", "TypeScript JSX", 0, 0, 0, 0, 0, 0, 0, 0, 0, 0, 0, 58, 0, 0, 0, 2, 60
"/Users/hieu/Work/crea8r/phanuel/app/web/src/components/MembershipList.tsx", "TypeScript JSX", 0, 0, 0, 0, 0, 0, 0, 0, 0, 0, 0, 60, 0, 0, 0, 3, 63
"/Users/hieu/Work/crea8r/phanuel/app/web/src/components/ui.tsx", "TypeScript JSX", 0, 0, 0, 0, 0, 0, 0, 0, 0, 0, 0, 138, 0, 0, 1, 11, 150
"/Users/hieu/Work/crea8r/phanuel/app/web/src/context/Profile.js", "JavaScript", 0, 0, 0, 0, 0, 0, 3, 0, 0, 0, 0, 0, 0, 0, 0, 3, 6
"/Users/hieu/Work/crea8r/phanuel/app/web/src/funcs/config.ts", "TypeScript", 0, 0, 0, 16, 0, 0, 0, 0, 0, 0, 0, 0, 0, 0, 0, 4, 20
"/Users/hieu/Work/crea8r/phanuel/app/web/src/funcs/sendTxn.ts", "TypeScript", 0, 0, 0, 38, 0, 0, 0, 0, 0, 0, 0, 0, 0, 0, 5, 2, 45
"/Users/hieu/Work/crea8r/phanuel/app/web/src/funcs/shortenAddress.ts", "TypeScript", 0, 0, 0, 4, 0, 0, 0, 0, 0, 0, 0, 0, 0, 0, 0, 1, 5
"/Users/hieu/Work/crea8r/phanuel/app/web/src/funcs/v0Helper.ts", "TypeScript", 0, 0, 0, 154, 0, 0, 0, 0, 0, 0, 0, 0, 0, 0, 16, 16, 186
"/Users/hieu/Work/crea8r/phanuel/app/web/src/icons/key.jsx", "JavaScript JSX", 0, 0, 0, 0, 0, 0, 0, 0, 0, 0, 0, 0, 22, 0, 0, 2, 24
"/Users/hieu/Work/crea8r/phanuel/app/web/src/icons/upload.jsx", "JavaScript JSX", 0, 0, 0, 0, 0, 0, 0, 0, 0, 0, 0, 0, 22, 0, 0, 2, 24
"/Users/hieu/Work/crea8r/phanuel/app/web/src/icons/wallet.jsx", "JavaScript JSX", 0, 0, 0, 0, 0, 0, 0, 0, 0, 0, 0, 0, 21, 0, 0, 2, 23
"/Users/hieu/Work/crea8r/phanuel/app/web/src/idl.json", "JSON", 0, 1000, 0, 0, 0, 0, 0, 0, 0, 0, 0, 0, 0, 0, 0, 0, 1000
"/Users/hieu/Work/crea8r/phanuel/app/web/src/index.css", "CSS", 0, 0, 0, 0, 0, 0, 0, 0, 0, 0, 0, 0, 0, 99, 2, 14, 115
"/Users/hieu/Work/crea8r/phanuel/app/web/src/input.css", "CSS", 0, 0, 0, 0, 0, 0, 0, 0, 0, 0, 0, 0, 0, 3, 0, 1, 4
"/Users/hieu/Work/crea8r/phanuel/app/web/src/layout/v0.tsx", "TypeScript JSX", 0, 0, 0, 0, 0, 0, 0, 0, 0, 0, 0, 106, 0, 0, 9, 5, 120
"/Users/hieu/Work/crea8r/phanuel/app/web/src/main.tsx", "TypeScript JSX", 0, 0, 0, 0, 0, 0, 0, 0, 0, 0, 0, 38, 0, 0, 2, 3, 43
"/Users/hieu/Work/crea8r/phanuel/app/web/src/output.css", "CSS", 0, 0, 0, 0, 0, 0, 0, 0, 0, 0, 0, 0, 0, 762, 167, 200, 1129
"/Users/hieu/Work/crea8r/phanuel/app/web/src/pages/Admin.tsx", "TypeScript JSX", 0, 0, 0, 0, 0, 0, 0, 0, 0, 0, 0, 144, 0, 0, 0, 6, 150
"/Users/hieu/Work/crea8r/phanuel/app/web/src/pages/Intro.tsx", "TypeScript JSX", 0, 0, 0, 0, 0, 0, 0, 0, 0, 0, 0, 65, 0, 0, 0, 2, 67
"/Users/hieu/Work/crea8r/phanuel/app/web/src/pages/Wallet.tsx", "TypeScript JSX", 0, 0, 0, 0, 0, 0, 0, 0, 0, 0, 0, 315, 0, 0, 3, 3, 321
"/Users/hieu/Work/crea8r/phanuel/app/web/src/pages/fragments/AllMembers.tsx", "TypeScript JSX", 0, 0, 0, 0, 0, 0, 0, 0, 0, 0, 0, 110, 0, 0, 0, 3, 113
"/Users/hieu/Work/crea8r/phanuel/app/web/src/pages/fragments/CreateToken.tsx", "TypeScript JSX", 0, 0, 0, 0, 0, 0, 0, 0, 0, 0, 0, 93, 0, 0, 0, 3, 96
"/Users/hieu/Work/crea8r/phanuel/app/web/src/pages/fragments/ManageMember.tsx", "TypeScript JSX", 0, 0, 0, 0, 0, 0, 0, 0, 0, 0, 0, 218, 0, 0, 2, 2, 222
"/Users/hieu/Work/crea8r/phanuel/app/web/src/pages/fragments/Mint.tsx", "TypeScript JSX", 0, 0, 0, 0, 0, 0, 0, 0, 0, 0, 0, 190, 0, 0, 0, 3, 193
"/Users/hieu/Work/crea8r/phanuel/app/web/src/pages/fragments/ReceivedNotes.tsx", "TypeScript JSX", 0, 0, 0, 0, 0, 0, 0, 0, 0, 0, 0, 71, 0, 0, 0, 4, 75
"/Users/hieu/Work/crea8r/phanuel/app/web/src/pages/fragments/SentNotes.tsx", "TypeScript JSX", 0, 0, 0, 0, 0, 0, 0, 0, 0, 0, 0, 73, 0, 0, 0, 4, 77
"/Users/hieu/Work/crea8r/phanuel/app/web/src/pages/fragments/Stat.tsx", "TypeScript JSX", 0, 0, 0, 0, 0, 0, 0, 0, 0, 0, 0, 144, 0, 0, 7, 7, 158
"/Users/hieu/Work/crea8r/phanuel/app/web/src/services/_schemas.tsx", "TypeScript JSX", 0, 0, 0, 0, 0, 0, 0, 0, 0, 0, 0, 30, 0, 0, 0, 2, 32
"/Users/hieu/Work/crea8r/phanuel/app/web/src/services/_types.tsx", "TypeScript JSX", 0, 0, 0, 0, 0, 0, 0, 0, 0, 0, 0, 33, 0, 0, 0, 5, 38
"/Users/hieu/Work/crea8r/phanuel/app/web/src/services/addMember.tsx", "TypeScript JSX", 0, 0, 0, 0, 0, 0, 0, 0, 0, 0, 0, 59, 0, 0, 0, 3, 62
"/Users/hieu/Work/crea8r/phanuel/app/web/src/services/addMultipleMember.tsx", "TypeScript JSX", 0, 0, 0, 0, 0, 0, 0, 0, 0, 0, 0, 117, 0, 0, 0, 4, 121
"/Users/hieu/Work/crea8r/phanuel/app/web/src/services/createCommunity.tsx", "TypeScript JSX", 0, 0, 0, 0, 0, 0, 0, 0, 0, 0, 0, 45, 0, 0, 0, 4, 49
"/Users/hieu/Work/crea8r/phanuel/app/web/src/services/disableMember.tsx", "TypeScript JSX", 0, 0, 0, 0, 0, 0, 0, 0, 0, 0, 0, 8, 0, 0, 1, 3, 12
"/Users/hieu/Work/crea8r/phanuel/app/web/src/services/fetchAllMemo.tsx", "TypeScript JSX", 0, 0, 0, 0, 0, 0, 0, 0, 0, 0, 0, 49, 0, 0, 0, 3, 52
"/Users/hieu/Work/crea8r/phanuel/app/web/src/services/listAllBagAccounts.tsx", "TypeScript JSX", 0, 0, 0, 0, 0, 0, 0, 0, 0, 0, 0, 59, 0, 0, 0, 3, 62
"/Users/hieu/Work/crea8r/phanuel/app/web/src/services/listCommunityAccounts.tsx", "TypeScript JSX", 0, 0, 0, 0, 0, 0, 0, 0, 0, 0, 0, 44, 0, 0, 0, 3, 47
"/Users/hieu/Work/crea8r/phanuel/app/web/src/services/listMembers.tsx", "TypeScript JSX", 0, 0, 0, 0, 0, 0, 0, 0, 0, 0, 0, 48, 0, 0, 0, 3, 51
"/Users/hieu/Work/crea8r/phanuel/app/web/src/services/listReceivedNotes.tsx", "TypeScript JSX", 0, 0, 0, 0, 0, 0, 0, 0, 0, 0, 0, 57, 0, 0, 0, 3, 60
"/Users/hieu/Work/crea8r/phanuel/app/web/src/services/listSentNotes.tsx", "TypeScript JSX", 0, 0, 0, 0, 0, 0, 0, 0, 0, 0, 0, 57, 0, 0, 0, 3, 60
"/Users/hieu/Work/crea8r/phanuel/app/web/src/services/mintTo.tsx", "TypeScript JSX", 0, 0, 0, 0, 0, 0, 0, 0, 0, 0, 0, 62, 0, 0, 0, 3, 65
"/Users/hieu/Work/crea8r/phanuel/app/web/src/services/multipleMint.tsx", "TypeScript JSX", 0, 0, 0, 0, 0, 0, 0, 0, 0, 0, 0, 122, 0, 0, 0, 4, 126
"/Users/hieu/Work/crea8r/phanuel/app/web/src/services/transfer.tsx", "TypeScript JSX", 0, 0, 0, 0, 0, 0, 0, 0, 0, 0, 0, 144, 0, 0, 2, 3, 149
"/Users/hieu/Work/crea8r/phanuel/app/web/src/services/updateCommunity.tsx", "TypeScript JSX", 0, 0, 0, 0, 0, 0, 0, 0, 0, 0, 0, 38, 0, 0, 0, 3, 41
"/Users/hieu/Work/crea8r/phanuel/app/web/src/type.ts", "TypeScript", 0, 0, 0, 1000, 0, 0, 0, 0, 0, 0, 0, 0, 0, 0, 6, 1, 1007
"/Users/hieu/Work/crea8r/phanuel/app/web/src/vite-env.d.ts", "TypeScript", 0, 0, 0, 0, 0, 0, 0, 0, 0, 0, 0, 0, 0, 0, 1, 1, 2
"/Users/hieu/Work/crea8r/phanuel/app/web/tailwind.config.js", "JavaScript", 0, 0, 0, 0, 0, 0, 7, 0, 0, 0, 0, 0, 0, 0, 1, 1, 9
"/Users/hieu/Work/crea8r/phanuel/app/web/tsconfig.json", "JSON with Comments", 21, 0, 0, 0, 0, 0, 0, 0, 0, 0, 0, 0, 0, 0, 0, 1, 22
"/Users/hieu/Work/crea8r/phanuel/app/web/tsconfig.node.json", "JSON", 0, 9, 0, 0, 0, 0, 0, 0, 0, 0, 0, 0, 0, 0, 0, 1, 10
"/Users/hieu/Work/crea8r/phanuel/app/web/vite.config.ts", "TypeScript", 0, 0, 0, 9, 0, 0, 0, 0, 0, 0, 0, 0, 0, 0, 1, 2, 12
"/Users/hieu/Work/crea8r/phanuel/migrations/deploy.ts", "TypeScript", 0, 0, 0, 4, 0, 0, 0, 0, 0, 0, 0, 0, 0, 0, 5, 4, 13
"/Users/hieu/Work/crea8r/phanuel/package-lock.json", "JSON", 0, 2057, 0, 0, 0, 0, 0, 0, 0, 0, 0, 0, 0, 0, 0, 1, 2058
"/Users/hieu/Work/crea8r/phanuel/package.json", "JSON", 0, 21, 0, 0, 0, 0, 0, 0, 0, 0, 0, 0, 0, 0, 0, 1, 22
"/Users/hieu/Work/crea8r/phanuel/programs/phanuel/Cargo.toml", "TOML", 0, 0, 17, 0, 0, 0, 0, 0, 0, 0, 0, 0, 0, 0, 0, 4, 21
"/Users/hieu/Work/crea8r/phanuel/programs/phanuel/Xargo.toml", "TOML", 0, 0, 2, 0, 0, 0, 0, 0, 0, 0, 0, 0, 0, 0, 0, 1, 3
"/Users/hieu/Work/crea8r/phanuel/programs/phanuel/src/community_admin.rs", "Rust", 0, 0, 0, 0, 0, 0, 0, 0, 0, 0, 0, 0, 0, 0, 0, 1, 1
"/Users/hieu/Work/crea8r/phanuel/programs/phanuel/src/constant.rs", "Rust", 0, 0, 0, 0, 0, 0, 0, 0, 0, 6, 0, 0, 0, 0, 2, 0, 8
"/Users/hieu/Work/crea8r/phanuel/programs/phanuel/src/errors.rs", "Rust", 0, 0, 0, 0, 0, 0, 0, 0, 0, 26, 0, 0, 0, 0, 0, 1, 27
"/Users/hieu/Work/crea8r/phanuel/programs/phanuel/src/instructions/community_admin/crud.rs", "Rust", 0, 0, 0, 0, 0, 0, 0, 0, 0, 45, 0, 0, 0, 0, 0, 5, 50
"/Users/hieu/Work/crea8r/phanuel/programs/phanuel/src/instructions/community_admin/manage_member.rs", "Rust", 0, 0, 0, 0, 0, 0, 0, 0, 0, 108, 0, 0, 0, 0, 10, 8, 126
"/Users/hieu/Work/crea8r/phanuel/programs/phanuel/src/instructions/community_admin/mint.rs", "Rust", 0, 0, 0, 0, 0, 0, 0, 0, 0, 89, 0, 0, 0, 0, 10, 9, 108
"/Users/hieu/Work/crea8r/phanuel/programs/phanuel/src/instructions/community_admin/mod.rs", "Rust", 0, 0, 0, 0, 0, 0, 0, 0, 0, 8, 0, 0, 0, 0, 0, 1, 9
"/Users/hieu/Work/crea8r/phanuel/programs/phanuel/src/instructions/community_admin/telegram.rs", "Rust", 0, 0, 0, 0, 0, 0, 0, 0, 0, 42, 0, 0, 0, 0, 0, 4, 46
"/Users/hieu/Work/crea8r/phanuel/programs/phanuel/src/instructions/member.rs", "Rust", 0, 0, 0, 0, 0, 0, 0, 0, 0, 84, 0, 0, 0, 0, 6, 7, 97
"/Users/hieu/Work/crea8r/phanuel/programs/phanuel/src/instructions/mod.rs", "Rust", 0, 0, 0, 0, 0, 0, 0, 0, 0, 6, 0, 0, 0, 0, 0, 1, 7
"/Users/hieu/Work/crea8r/phanuel/programs/phanuel/src/instructions/super_admin.rs", "Rust", 0, 0, 0, 0, 0, 0, 0, 0, 0, 36, 0, 0, 0, 0, 3, 4, 43
"/Users/hieu/Work/crea8r/phanuel/programs/phanuel/src/lib.rs", "Rust", 0, 0, 0, 0, 0, 0, 0, 0, 0, 54, 0, 0, 0, 0, 5, 6, 65
"/Users/hieu/Work/crea8r/phanuel/programs/phanuel/src/state.rs", "Rust", 0, 0, 0, 0, 0, 0, 0, 0, 0, 75, 0, 0, 0, 0, 4, 13, 92
"/Users/hieu/Work/crea8r/phanuel/programs/phanuel/src/writer.rs", "Rust", 0, 0, 0, 0, 0, 0, 0, 0, 0, 61, 0, 0, 0, 0, 4, 9, 74
"/Users/hieu/Work/crea8r/phanuel/tests/phanuel.ts", "TypeScript", 0, 0, 0, 438, 0, 0, 0, 0, 0, 0, 0, 0, 0, 0, 151, 14, 603
"/Users/hieu/Work/crea8r/phanuel/tests/v0Helper.ts", "TypeScript", 0, 0, 0, 111, 0, 0, 0, 0, 0, 0, 0, 0, 0, 0, 14, 17, 142
"/Users/hieu/Work/crea8r/phanuel/tsconfig.json", "JSON with Comments", 10, 0, 0, 0, 0, 0, 0, 0, 0, 0, 0, 0, 0, 0, 0, 1, 11
"Total", "-", 31, 18847, 1808, 1774, 57, 7, 440, 18, 35, 640, 2, 2795, 65, 864, 482, 776, 28641